CarParkID,CarParkName_Zh_tw,SpotAvailabilities
KEE11101,信二停車場,"[{'ParkingSpotID': '001', 'SpaceType': 0, 'ServiceStatus': 1, 'SpotStatus': 1, 'DeviceStatus': 1, 'Floor': '1', 'ChargeStatus': 1, 'DataCollectTime': '2023-11-19T20:40:07+08:00'}]"
KEE11102,正濱國小收費立體停車場,"[{'ParkingSpotID': 'TPE-001', 'SpaceType': 1, 'ServiceStatus': 1, 'SpotStatus': 1, 'DeviceStatus': 1, 'Floor': '1', 'ChargeStatus': 1, 'Remark': '無', 'DataCollectTime': '2021-08-23T13:42:40+08:00'}]"
KEE11104,中正區行政大樓地下停車場,"[{'ParkingSpotID': 'TPE-001', 'SpaceType': 1, 'ServiceStatus': 1, 'SpotStatus': 2, 'DeviceStatus': 1, 'Floor': 'B1', 'ChargeStatus': 1, 'Remark': '無', 'DataCollectTime': '2021-08-23T13:39:42+08:00'}]"
KEE11106,海洋劇場停車場,"[{'ParkingSpotID': 'KEE11106-001', 'SpaceType': 1, 'ServiceStatus': 1, 'SpotStatus': 1, 'DeviceStatus': 1, 'Floor': '1', 'ChargeStatus': 1, 'Remark': '本區有297車位', 'DataCollectTime': '2022-06-09T17:29:08+08:00'}]"
KEE11201,信義國中停車場,"[{'ParkingSpotID': '001', 'SpaceType': 0, 'ServiceStatus': 1, 'SpotStatus': 1, 'DeviceStatus': 1, 'Floor': '1', 'ChargeStatus': 1, 'DataCollectTime': '2023-11-19T20:40:02+08:00'}]"
KEE11205,中興國小停車場,"[{'ParkingSpotID': 'KEE11205', 'SpaceType': 1, 'ServiceStatus': 1, 'SpotStatus': 255, 'DeviceStatus': 1, 'Floor': '1', 'ChargeStatus': 1, 'DataCollectTime': '2023-11-19T20:40:10+08:00'}]"
KEE11301,博愛國宅地下室停車場,"[{'ParkingSpotID': '1-141', 'SpaceType': 1, 'ServiceStatus': 1, 'SpotStatus': 1, 'DeviceStatus': 1, 'Floor': 'B2', 'ChargeStatus': 1, 'DataCollectTime': '2023-11-19T20:40:00+08:00'}, {'ParkingSpotID': '1-92', 'SpaceType': 1, 'ServiceStatus': 1, 'SpotStatus': 1, 'DeviceStatus': 1, 'Floor': 'B1', 'ChargeStatus': 1, 'DataCollectTime': '2023-11-19T20:40:00+08:00'}, {'ParkingSpotID': 'A-T', 'SpaceType': 1, 'ServiceStatus': 1, 'SpotStatus': 1, 'DeviceStatus': 1, 'Floor': 'B1', 'ChargeStatus': 1, 'DataCollectTime': '2023-11-19T20:40:00+08:00'}]"
KEE11302,基隆成功站,"[{'ParkingSpotID': 'KEE-03-12', 'SpaceType': 255, 'ServiceStatus': 1, 'SpotStatus': 2, 'DeviceStatus': 1, 'Floor': '12', 'ChargeStatus': 1, 'DataCollectTime': '2023-11-19T20:39:42+08:00'}]"
KEE11303,南榮公墓殯儀館停車場,"[{'ParkingSpotID': 'KEE11303', 'SpaceType': 1, 'ServiceStatus': 1, 'SpotStatus': 255, 'DeviceStatus': 1, 'Floor': '1', 'ChargeStatus': 1, 'DataCollectTime': '2023-11-19T20:39:50+08:00'}]"
KEE11304,銘傳立體停車場,"[{'ParkingSpotID': 'TOWER-1', 'SpaceType': 1, 'ServiceStatus': 1, 'SpotStatus': 1, 'DeviceStatus': 1, 'Floor': '1', 'ChargeStatus': 1, 'Remark': '本區有40車位', 'DataCollectTime': '2021-07-18T11:26:00+08:00'}, {'ParkingSpotID': 'TOWER-2', 'SpaceType': 1, 'ServiceStatus': 2, 'SpotStatus': 2, 'DeviceStatus': 0, 'Floor': '1', 'ChargeStatus': 2, 'Remark': '本區故障待修', 'DataCollectTime': '2021-07-18T11:26:00+08:00'}, {'ParkingSpotID': 'TOWER-3', 'SpaceType': 1, 'ServiceStatus': 1, 'SpotStatus': 1, 'DeviceStatus': 1, 'Floor': '1', 'ChargeStatus': 1, 'Remark': '本區有40車位', 'DataCollectTime': '2021-07-18T11:26:00+08:00'}]"
KEE11305,東岸立體停車場,"[{'ParkingSpotID': '001', 'SpaceType': 0, 'ServiceStatus': 1, 'SpotStatus': 1, 'DeviceStatus': 1, 'Floor': '1', 'ChargeStatus': 1, 'DataCollectTime': '2023-11-19T20:40:00+08:00'}]"
KEE11307,信義國小地下停車場,"[{'ParkingSpotID': '1-349', 'SpaceType': 1, 'ServiceStatus': 1, 'SpotStatus': 1, 'DeviceStatus': 1, 'Floor': 'B1', 'ChargeStatus': 1, 'DataCollectTime': '2023-11-19T20:40:00+08:00'}, {'ParkingSpotID': '211-217', 'SpaceType': 9, 'ServiceStatus': 1, 'SpotStatus': 1, 'DeviceStatus': 1, 'Floor': 'B1', 'ChargeStatus': 1, 'DataCollectTime': '2023-11-19T20:40:00+08:00'}, {'ParkingSpotID': '236-294', 'SpaceType': 11, 'ServiceStatus': 1, 'SpotStatus': 1, 'DeviceStatus': 1, 'Floor': 'B1', 'ChargeStatus': 1, 'DataCollectTime': '2023-11-19T20:40:00+08:00'}, {'ParkingSpotID': '251-257', 'SpaceType': 7, 'ServiceStatus': 1, 'SpotStatus': 1, 'DeviceStatus': 1, 'Floor': 'B1', 'ChargeStatus': 1, 'DataCollectTime': '2023-11-19T20:40:00+08:00'}]"
KEE11701,百福立體停車場,"[{'ParkingSpotID': '1-59', 'SpaceType': 1, 'ServiceStatus': 1, 'SpotStatus': 1, 'DeviceStatus': 1, 'Floor': '3', 'ChargeStatus': 1, 'DataCollectTime': '2023-11-19T20:40:00+08:00'}, {'ParkingSpotID': '1-77', 'SpaceType': 1, 'ServiceStatus': 1, 'SpotStatus': 1, 'DeviceStatus': 1, 'Floor': '4', 'ChargeStatus': 1, 'DataCollectTime': '2023-11-19T20:40:00+08:00'}, {'ParkingSpotID': '1-85', 'SpaceType': 1, 'ServiceStatus': 1, 'SpotStatus': 1, 'DeviceStatus': 1, 'Floor': '5', 'ChargeStatus': 1, 'DataCollectTime': '2023-11-19T20:40:00+08:00'}, {'ParkingSpotID': '1-93', 'SpaceType': 1, 'ServiceStatus': 1, 'SpotStatus': 1, 'DeviceStatus': 1, 'Floor': '6', 'ChargeStatus': 1, 'DataCollectTime': '2023-11-19T20:40:00+08:00'}]"
KEE11703,基隆七堵停車場,"[{'ParkingSpotID': '109002-001', 'SpaceType': 1, 'ServiceStatus': 1, 'SpotStatus': 1, 'DeviceStatus': 1, 'Floor': '1', 'ChargeStatus': 1, 'DataCollectTime': '2021-10-11T05:46:42+08:00'}, {'ParkingSpotID': '109002-002', 'SpaceType': 1, 'ServiceStatus': 1, 'SpotStatus': 1, 'DeviceStatus': 1, 'Floor': '1', 'ChargeStatus': 1, 'DataCollectTime': '2021-10-11T05:46:42+08:00'}]"
KEE12103,義二路停車場,"[{'ParkingSpotID': '001', 'SpaceType': 0, 'ServiceStatus': 1, 'SpotStatus': 1, 'DeviceStatus': 1, 'Floor': '1', 'ChargeStatus': 1, 'DataCollectTime': '2023-11-19T20:33:23+08:00'}]"
KEE12105,基隆和平島公園停車場,"[{'ParkingSpotID': '64', 'SpaceType': 1, 'ServiceStatus': 1, 'SpotStatus': 1, 'DeviceStatus': 1, 'Floor': '1', 'ChargeStatus': 1, 'DataCollectTime': '2023-11-19T20:40:00+08:00'}]"
KEE12107,區域探索館平面停車場,"[{'ParkingSpotID': 'KEE12107-001', 'SpaceType': 1, 'ServiceStatus': 1, 'SpotStatus': 1, 'DeviceStatus': 1, 'Floor': '1', 'ChargeStatus': 1, 'Remark': '本區有148車位', 'DataCollectTime': '2022-06-09T17:29:08+08:00'}]"
KEE12108,復育環保公園停車場,"[{'ParkingSpotID': 'KEE12108-001', 'SpaceType': 1, 'ServiceStatus': 1, 'SpotStatus': 1, 'DeviceStatus': 1, 'Floor': '1', 'ChargeStatus': 1, 'Remark': '本區有100車位', 'DataCollectTime': '2022-06-09T17:29:08+08:00'}]"
KEE12109,濱海遊憩區停車場,"[{'ParkingSpotID': 'KEE-001', 'SpaceType': 1, 'ServiceStatus': 1, 'SpotStatus': 255, 'DeviceStatus': 1, 'Floor': '1', 'ChargeStatus': 1, 'DataCollectTime': '2022-04-29T14:26:09+08:00'}, {'ParkingSpotID': 'KEE-002', 'SpaceType': 1, 'ServiceStatus': 1, 'SpotStatus': 255, 'DeviceStatus': 1, 'Floor': '1', 'ChargeStatus': 1, 'DataCollectTime': '2022-04-29T14:26:09+08:00'}, {'ParkingSpotID': 'KEE-003', 'SpaceType': 1, 'ServiceStatus': 1, 'SpotStatus': 255, 'DeviceStatus': 1, 'Floor': '1', 'ChargeStatus': 1, 'DataCollectTime': '2022-04-29T14:26:09+08:00'}, {'ParkingSpotID': 'KEE-004', 'SpaceType': 1, 'ServiceStatus': 1, 'SpotStatus': 255, 'DeviceStatus': 1, 'Floor': '1', 'ChargeStatus': 1, 'DataCollectTime': '2022-04-29T14:26:09+08:00'}, {'ParkingSpotID': 'KEE-005', 'SpaceType': 1, 'ServiceStatus': 1, 'SpotStatus': 255, 'DeviceStatus': 1, 'Floor': '1', 'ChargeStatus': 1, 'DataCollectTime': '2022-04-29T14:26:09+08:00'}, {'ParkingSpotID': 'KEE-006', 'SpaceType': 1, 'ServiceStatus': 1, 'SpotStatus': 255, 'DeviceStatus': 1, 'Floor': '1', 'ChargeStatus': 1, 'DataCollectTime': '2022-04-29T14:26:09+08:00'}, {'ParkingSpotID': 'KEE-007', 'SpaceType': 1, 'ServiceStatus': 1, 'SpotStatus': 255, 'DeviceStatus': 1, 'Floor': '1', 'ChargeStatus': 1, 'DataCollectTime': '2022-04-29T14:26:09+08:00'}, {'ParkingSpotID': 'KEE-008', 'SpaceType': 1, 'ServiceStatus': 1, 'SpotStatus': 255, 'DeviceStatus': 1, 'Floor': '1', 'ChargeStatus': 1, 'DataCollectTime': '2022-04-29T14:26:09+08:00'}, {'ParkingSpotID': 'KEE-009', 'SpaceType': 1, 'ServiceStatus': 1, 'SpotStatus': 255, 'DeviceStatus': 1, 'Floor': '1', 'ChargeStatus': 1, 'DataCollectTime': '2022-04-29T14:26:09+08:00'}, {'ParkingSpotID': 'KEE-010', 'SpaceType': 1, 'ServiceStatus': 1, 'SpotStatus': 255, 'DeviceStatus': 1, 'Floor': '1', 'ChargeStatus': 1, 'DataCollectTime': '2022-04-29T14:26:09+08:00'}, {'ParkingSpotID': 'KEE-011', 'SpaceType': 1, 'ServiceStatus': 1, 'SpotStatus': 255, 'DeviceStatus': 1, 'Floor': '1', 'ChargeStatus': 1, 'DataCollectTime': '2022-04-29T14:26:09+08:00'}, {'ParkingSpotID': 'KEE-012', 'SpaceType': 1, 'ServiceStatus': 1, 'SpotStatus': 255, 'DeviceStatus': 1, 'Floor': '1', 'ChargeStatus': 1, 'DataCollectTime': '2022-04-29T14:26:09+08:00'}, {'ParkingSpotID': 'KEE-013', 'SpaceType': 1, 'ServiceStatus': 1, 'SpotStatus': 255, 'DeviceStatus': 1, 'Floor': '1', 'ChargeStatus': 1, 'DataCollectTime': '2022-04-29T14:26:09+08:00'}, {'ParkingSpotID': 'KEE-014', 'SpaceType': 1, 'ServiceStatus': 1, 'SpotStatus': 255, 'DeviceStatus': 1, 'Floor': '1', 'ChargeStatus': 1, 'DataCollectTime': '2022-04-29T14:26:09+08:00'}, {'ParkingSpotID': 'KEE-015', 'SpaceType': 1, 'ServiceStatus': 1, 'SpotStatus': 255, 'DeviceStatus': 1, 'Floor': '1', 'ChargeStatus': 1, 'DataCollectTime': '2022-04-29T14:26:09+08:00'}, {'ParkingSpotID': 'KEE-016', 'SpaceType': 1, 'ServiceStatus': 1, 'SpotStatus': 255, 'DeviceStatus': 1, 'Floor': '1', 'ChargeStatus': 1, 'DataCollectTime': '2022-04-29T14:26:09+08:00'}, {'ParkingSpotID': 'KEE-017', 'SpaceType': 1, 'ServiceStatus': 1, 'SpotStatus': 255, 'DeviceStatus': 1, 'Floor': '1', 'ChargeStatus': 1, 'DataCollectTime': '2022-04-29T14:26:09+08:00'}, {'ParkingSpotID': 'KEE-018', 'SpaceType': 1, 'ServiceStatus': 1, 'SpotStatus': 255, 'DeviceStatus': 1, 'Floor': '1', 'ChargeStatus': 1, 'DataCollectTime': '2022-04-29T14:26:09+08:00'}, {'ParkingSpotID': 'KEE-019', 'SpaceType': 1, 'ServiceStatus': 1, 'SpotStatus': 255, 'DeviceStatus': 1, 'Floor': '1', 'ChargeStatus': 1, 'DataCollectTime': '2022-04-29T14:26:09+08:00'}, {'ParkingSpotID': 'KEE-020', 'SpaceType': 1, 'ServiceStatus': 1, 'SpotStatus': 255, 'DeviceStatus': 1, 'Floor': '1', 'ChargeStatus': 1, 'DataCollectTime': '2022-04-29T14:26:09+08:00'}, {'ParkingSpotID': 'KEE-021', 'SpaceType': 1, 'ServiceStatus': 1, 'SpotStatus': 255, 'DeviceStatus': 1, 'Floor': '1', 'ChargeStatus': 1, 'DataCollectTime': '2022-04-29T14:26:09+08:00'}, {'ParkingSpotID': 'KEE-022', 'SpaceType': 1, 'ServiceStatus': 1, 'SpotStatus': 255, 'DeviceStatus': 1, 'Floor': '1', 'ChargeStatus': 1, 'DataCollectTime': '2022-04-29T14:26:09+08:00'}, {'ParkingSpotID': 'KEE-023', 'SpaceType': 1, 'ServiceStatus': 1, 'SpotStatus': 255, 'DeviceStatus': 1, 'Floor': '1', 'ChargeStatus': 1, 'DataCollectTime': '2022-04-29T14:26:09+08:00'}, {'ParkingSpotID': 'KEE-024', 'SpaceType': 1, 'ServiceStatus': 1, 'SpotStatus': 255, 'DeviceStatus': 1, 'Floor': '1', 'ChargeStatus': 1, 'DataCollectTime': '2022-04-29T14:26:09+08:00'}, {'ParkingSpotID': 'KEE-025', 'SpaceType': 1, 'ServiceStatus': 1, 'SpotStatus': 255, 'DeviceStatus': 1, 'Floor': '1', 'ChargeStatus': 1, 'DataCollectTime': '2022-04-29T14:26:09+08:00'}, {'ParkingSpotID': 'KEE-026', 'SpaceType': 1, 'ServiceStatus': 1, 'SpotStatus': 255, 'DeviceStatus': 1, 'Floor': '1', 'ChargeStatus': 1, 'DataCollectTime': '2022-04-29T14:26:09+08:00'}, {'ParkingSpotID': 'KEE-027', 'SpaceType': 1, 'ServiceStatus': 1, 'SpotStatus': 255, 'DeviceStatus': 1, 'Floor': '1', 'ChargeStatus': 1, 'DataCollectTime': '2022-04-29T14:26:09+08:00'}, {'ParkingSpotID': 'KEE-028', 'SpaceType': 1, 'ServiceStatus': 1, 'SpotStatus': 255, 'DeviceStatus': 1, 'Floor': '1', 'ChargeStatus': 1, 'DataCollectTime': '2022-04-29T14:26:09+08:00'}, {'ParkingSpotID': 'KEE-029', 'SpaceType': 1, 'ServiceStatus': 1, 'SpotStatus': 255, 'DeviceStatus': 1, 'Floor': '1', 'ChargeStatus': 1, 'DataCollectTime': '2022-04-29T14:26:09+08:00'}, {'ParkingSpotID': 'KEE-030', 'SpaceType': 1, 'ServiceStatus': 1, 'SpotStatus': 255, 'DeviceStatus': 1, 'Floor': '1', 'ChargeStatus': 1, 'DataCollectTime': '2022-04-29T14:26:09+08:00'}, {'ParkingSpotID': 'KEE-031', 'SpaceType': 1, 'ServiceStatus': 1, 'SpotStatus': 255, 'DeviceStatus': 1, 'Floor': '1', 'ChargeStatus': 1, 'DataCollectTime': '2022-04-29T14:26:09+08:00'}, {'ParkingSpotID': 'KEE-032', 'SpaceType': 1, 'ServiceStatus': 1, 'SpotStatus': 255, 'DeviceStatus': 1, 'Floor': '1', 'ChargeStatus': 1, 'DataCollectTime': '2022-04-29T14:26:09+08:00'}, {'ParkingSpotID': 'KEE-033', 'SpaceType': 1, 'ServiceStatus': 1, 'SpotStatus': 255, 'DeviceStatus': 1, 'Floor': '1', 'ChargeStatus': 1, 'DataCollectTime': '2022-04-29T14:26:09+08:00'}, {'ParkingSpotID': 'KEE-034', 'SpaceType': 1, 'ServiceStatus': 1, 'SpotStatus': 255, 'DeviceStatus': 1, 'Floor': '1', 'ChargeStatus': 1, 'DataCollectTime': '2022-04-29T14:26:09+08:00'}, {'ParkingSpotID': 'KEE-035', 'SpaceType': 1, 'ServiceStatus': 1, 'SpotStatus': 255, 'DeviceStatus': 1, 'Floor': '1', 'ChargeStatus': 1, 'DataCollectTime': '2022-04-29T14:26:09+08:00'}, {'ParkingSpotID': 'KEE-036', 'SpaceType': 1, 'ServiceStatus': 1, 'SpotStatus': 255, 'DeviceStatus': 1, 'Floor': '1', 'ChargeStatus': 1, 'DataCollectTime': '2022-04-29T14:26:09+08:00'}, {'ParkingSpotID': 'KEE-037', 'SpaceType': 1, 'ServiceStatus': 1, 'SpotStatus': 255, 'DeviceStatus': 1, 'Floor': '1', 'ChargeStatus': 1, 'DataCollectTime': '2022-04-29T14:26:09+08:00'}, {'ParkingSpotID': 'KEE-038', 'SpaceType': 1, 'ServiceStatus': 1, 'SpotStatus': 255, 'DeviceStatus': 1, 'Floor': '1', 'ChargeStatus': 1, 'DataCollectTime': '2022-04-29T14:26:09+08:00'}, {'ParkingSpotID': 'KEE-039', 'SpaceType': 1, 'ServiceStatus': 1, 'SpotStatus': 255, 'DeviceStatus': 1, 'Floor': '1', 'ChargeStatus': 1, 'DataCollectTime': '2022-04-29T14:26:09+08:00'}, {'ParkingSpotID': 'KEE-040', 'SpaceType': 1, 'ServiceStatus': 1, 'SpotStatus': 255, 'DeviceStatus': 1, 'Floor': '1', 'ChargeStatus': 1, 'DataCollectTime': '2022-04-29T14:26:09+08:00'}, {'ParkingSpotID': 'KEE-041', 'SpaceType': 1, 'ServiceStatus': 1, 'SpotStatus': 255, 'DeviceStatus': 1, 'Floor': '1', 'ChargeStatus': 1, 'DataCollectTime': '2022-04-29T14:26:09+08:00'}, {'ParkingSpotID': 'KEE-042', 'SpaceType': 1, 'ServiceStatus': 1, 'SpotStatus': 255, 'DeviceStatus': 1, 'Floor': '1', 'ChargeStatus': 1, 'DataCollectTime': '2022-04-29T14:26:09+08:00'}, {'ParkingSpotID': 'KEE-043', 'SpaceType': 1, 'ServiceStatus': 1, 'SpotStatus': 255, 'DeviceStatus': 1, 'Floor': '1', 'ChargeStatus': 1, 'DataCollectTime': '2022-04-29T14:26:09+08:00'}, {'ParkingSpotID': 'KEE-044', 'SpaceType': 1, 'ServiceStatus': 1, 'SpotStatus': 255, 'DeviceStatus': 1, 'Floor': '1', 'ChargeStatus': 1, 'DataCollectTime': '2022-04-29T14:26:09+08:00'}, {'ParkingSpotID': 'KEE-045', 'SpaceType': 1, 'ServiceStatus': 1, 'SpotStatus': 255, 'DeviceStatus': 1, 'Floor': '1', 'ChargeStatus': 1, 'DataCollectTime': '2022-04-29T14:26:09+08:00'}, {'ParkingSpotID': 'KEE-046', 'SpaceType': 1, 'ServiceStatus': 1, 'SpotStatus': 255, 'DeviceStatus': 1, 'Floor': '1', 'ChargeStatus': 1, 'DataCollectTime': '2022-04-29T14:26:09+08:00'}, {'ParkingSpotID': 'KEE-047', 'SpaceType': 1, 'ServiceStatus': 1, 'SpotStatus': 255, 'DeviceStatus': 1, 'Floor': '1', 'ChargeStatus': 1, 'DataCollectTime': '2022-04-29T14:26:09+08:00'}, {'ParkingSpotID': 'KEE-048', 'SpaceType': 1, 'ServiceStatus': 1, 'SpotStatus': 255, 'DeviceStatus': 1, 'Floor': '1', 'ChargeStatus': 1, 'DataCollectTime': '2022-04-29T14:26:09+08:00'}, {'ParkingSpotID': 'KEE-049', 'SpaceType': 1, 'ServiceStatus': 1, 'SpotStatus': 255, 'DeviceStatus': 1, 'Floor': '1', 'ChargeStatus': 1, 'DataCollectTime': '2022-04-29T14:26:09+08:00'}, {'ParkingSpotID': 'KEE-050', 'SpaceType': 1, 'ServiceStatus': 1, 'SpotStatus': 255, 'DeviceStatus': 1, 'Floor': '1', 'ChargeStatus': 1, 'DataCollectTime': '2022-04-29T14:26:09+08:00'}, {'ParkingSpotID': 'KEE-051', 'SpaceType': 1, 'ServiceStatus': 1, 'SpotStatus': 255, 'DeviceStatus': 1, 'Floor': '1', 'ChargeStatus': 1, 'DataCollectTime': '2022-04-29T14:26:09+08:00'}, {'ParkingSpotID': 'KEE-052', 'SpaceType': 1, 'ServiceStatus': 1, 'SpotStatus': 255, 'DeviceStatus': 1, 'Floor': '1', 'ChargeStatus': 1, 'DataCollectTime': '2022-04-29T14:26:09+08:00'}, {'ParkingSpotID': 'KEE-053', 'SpaceType': 1, 'ServiceStatus': 1, 'SpotStatus': 255, 'DeviceStatus': 1, 'Floor': '1', 'ChargeStatus': 1, 'DataCollectTime': '2022-04-29T14:26:09+08:00'}, {'ParkingSpotID': 'KEE-054', 'SpaceType': 1, 'ServiceStatus': 1, 'SpotStatus': 255, 'DeviceStatus': 1, 'Floor': '1', 'ChargeStatus': 1, 'DataCollectTime': '2022-04-29T14:26:09+08:00'}, {'ParkingSpotID': 'KEE-055', 'SpaceType': 1, 'ServiceStatus': 1, 'SpotStatus': 255, 'DeviceStatus': 1, 'Floor': '1', 'ChargeStatus': 1, 'DataCollectTime': '2022-04-29T14:26:09+08:00'}, {'ParkingSpotID': 'KEE-056', 'SpaceType': 1, 'ServiceStatus': 1, 'SpotStatus': 255, 'DeviceStatus': 1, 'Floor': '1', 'ChargeStatus': 1, 'DataCollectTime': '2022-04-29T14:26:09+08:00'}, {'ParkingSpotID': 'KEE-057', 'SpaceType': 1, 'ServiceStatus': 1, 'SpotStatus': 255, 'DeviceStatus': 1, 'Floor': '1', 'ChargeStatus': 1, 'DataCollectTime': '2022-04-29T14:26:09+08:00'}, {'ParkingSpotID': 'KEE-058', 'SpaceType': 1, 'ServiceStatus': 1, 'SpotStatus': 255, 'DeviceStatus': 1, 'Floor': '1', 'ChargeStatus': 1, 'DataCollectTime': '2022-04-29T14:26:09+08:00'}, {'ParkingSpotID': 'KEE-059', 'SpaceType': 1, 'ServiceStatus': 1, 'SpotStatus': 255, 'DeviceStatus': 1, 'Floor': '1', 'ChargeStatus': 1, 'DataCollectTime': '2022-04-29T14:26:09+08:00'}, {'ParkingSpotID': 'KEE-060', 'SpaceType': 1, 'ServiceStatus': 1, 'SpotStatus': 255, 'DeviceStatus': 1, 'Floor': '1', 'ChargeStatus': 1, 'DataCollectTime': '2022-04-29T14:26:09+08:00'}]"
KEE12110,潮境公園停車場,"[{'ParkingSpotID': 'KEE12110-001', 'SpaceType': 1, 'ServiceStatus': 1, 'SpotStatus': 1, 'DeviceStatus': 1, 'Floor': '1', 'ChargeStatus': 1, 'Remark': '本區有33車位', 'DataCollectTime': '2022-06-09T17:29:08+08:00'}]"
KEE12111,65高地停車場,"[{'ParkingSpotID': 'KEE-001', 'SpaceType': 1, 'ServiceStatus': 1, 'SpotStatus': 255, 'DeviceStatus': 1, 'Floor': '1', 'ChargeStatus': 1, 'DataCollectTime': '2022-04-29T15:10:52+08:00'}, {'ParkingSpotID': 'KEE-002', 'SpaceType': 1, 'ServiceStatus': 1, 'SpotStatus': 255, 'DeviceStatus': 1, 'Floor': '1', 'ChargeStatus': 1, 'DataCollectTime': '2022-04-29T15:10:52+08:00'}, {'ParkingSpotID': 'KEE-003', 'SpaceType': 1, 'ServiceStatus': 1, 'SpotStatus': 255, 'DeviceStatus': 1, 'Floor': '1', 'ChargeStatus': 1, 'DataCollectTime': '2022-04-29T15:10:52+08:00'}, {'ParkingSpotID': 'KEE-004', 'SpaceType': 1, 'ServiceStatus': 1, 'SpotStatus': 255, 'DeviceStatus': 1, 'Floor': '1', 'ChargeStatus': 1, 'DataCollectTime': '2022-04-29T15:10:52+08:00'}, {'ParkingSpotID': 'KEE-005', 'SpaceType': 1, 'ServiceStatus': 1, 'SpotStatus': 255, 'DeviceStatus': 1, 'Floor': '1', 'ChargeStatus': 1, 'DataCollectTime': '2022-04-29T15:10:52+08:00'}, {'ParkingSpotID': 'KEE-006', 'SpaceType': 1, 'ServiceStatus': 1, 'SpotStatus': 255, 'DeviceStatus': 1, 'Floor': '1', 'ChargeStatus': 1, 'DataCollectTime': '2022-04-29T15:10:52+08:00'}, {'ParkingSpotID': 'KEE-007', 'SpaceType': 1, 'ServiceStatus': 1, 'SpotStatus': 255, 'DeviceStatus': 1, 'Floor': '1', 'ChargeStatus': 1, 'DataCollectTime': '2022-04-29T15:10:52+08:00'}, {'ParkingSpotID': 'KEE-008', 'SpaceType': 1, 'ServiceStatus': 1, 'SpotStatus': 255, 'DeviceStatus': 1, 'Floor': '1', 'ChargeStatus': 1, 'DataCollectTime': '2022-04-29T15:10:52+08:00'}, {'ParkingSpotID': 'KEE-009', 'SpaceType': 1, 'ServiceStatus': 1, 'SpotStatus': 255, 'DeviceStatus': 1, 'Floor': '1', 'ChargeStatus': 1, 'DataCollectTime': '2022-04-29T15:10:52+08:00'}, {'ParkingSpotID': 'KEE-010', 'SpaceType': 1, 'ServiceStatus': 1, 'SpotStatus': 255, 'DeviceStatus': 1, 'Floor': '1', 'ChargeStatus': 1, 'DataCollectTime': '2022-04-29T15:10:52+08:00'}, {'ParkingSpotID': 'KEE-011', 'SpaceType': 1, 'ServiceStatus': 1, 'SpotStatus': 255, 'DeviceStatus': 1, 'Floor': '1', 'ChargeStatus': 1, 'DataCollectTime': '2022-04-29T15:10:52+08:00'}, {'ParkingSpotID': 'KEE-012', 'SpaceType': 1, 'ServiceStatus': 1, 'SpotStatus': 255, 'DeviceStatus': 1, 'Floor': '1', 'ChargeStatus': 1, 'DataCollectTime': '2022-04-29T15:10:52+08:00'}, {'ParkingSpotID': 'KEE-013', 'SpaceType': 1, 'ServiceStatus': 1, 'SpotStatus': 255, 'DeviceStatus': 1, 'Floor': '1', 'ChargeStatus': 1, 'DataCollectTime': '2022-04-29T15:10:52+08:00'}, {'ParkingSpotID': 'KEE-014', 'SpaceType': 1, 'ServiceStatus': 1, 'SpotStatus': 255, 'DeviceStatus': 1, 'Floor': '1', 'ChargeStatus': 1, 'DataCollectTime': '2022-04-29T15:10:52+08:00'}, {'ParkingSpotID': 'KEE-015', 'SpaceType': 1, 'ServiceStatus': 1, 'SpotStatus': 255, 'DeviceStatus': 1, 'Floor': '1', 'ChargeStatus': 1, 'DataCollectTime': '2022-04-29T15:10:52+08:00'}, {'ParkingSpotID': 'KEE-016', 'SpaceType': 1, 'ServiceStatus': 1, 'SpotStatus': 255, 'DeviceStatus': 1, 'Floor': '1', 'ChargeStatus': 1, 'DataCollectTime': '2022-04-29T15:10:52+08:00'}, {'ParkingSpotID': 'KEE-017', 'SpaceType': 1, 'ServiceStatus': 1, 'SpotStatus': 255, 'DeviceStatus': 1, 'Floor': '1', 'ChargeStatus': 1, 'DataCollectTime': '2022-04-29T15:10:52+08:00'}, {'ParkingSpotID': 'KEE-018', 'SpaceType': 1, 'ServiceStatus': 1, 'SpotStatus': 255, 'DeviceStatus': 1, 'Floor': '1', 'ChargeStatus': 1, 'DataCollectTime': '2022-04-29T15:10:52+08:00'}, {'ParkingSpotID': 'KEE-019', 'SpaceType': 1, 'ServiceStatus': 1, 'SpotStatus': 255, 'DeviceStatus': 1, 'Floor': '1', 'ChargeStatus': 1, 'DataCollectTime': '2022-04-29T15:10:52+08:00'}, {'ParkingSpotID': 'KEE-020', 'SpaceType': 1, 'ServiceStatus': 1, 'SpotStatus': 255, 'DeviceStatus': 1, 'Floor': '1', 'ChargeStatus': 1, 'DataCollectTime': '2022-04-29T15:10:52+08:00'}, {'ParkingSpotID': 'KEE-021', 'SpaceType': 1, 'ServiceStatus': 1, 'SpotStatus': 255, 'DeviceStatus': 1, 'Floor': '1', 'ChargeStatus': 1, 'DataCollectTime': '2022-04-29T15:10:52+08:00'}, {'ParkingSpotID': 'KEE-022', 'SpaceType': 1, 'ServiceStatus': 1, 'SpotStatus': 255, 'DeviceStatus': 1, 'Floor': '1', 'ChargeStatus': 1, 'DataCollectTime': '2022-04-29T15:10:52+08:00'}, {'ParkingSpotID': 'KEE-023', 'SpaceType': 1, 'ServiceStatus': 1, 'SpotStatus': 255, 'DeviceStatus': 1, 'Floor': '1', 'ChargeStatus': 1, 'DataCollectTime': '2022-04-29T15:10:52+08:00'}, {'ParkingSpotID': 'KEE-024', 'SpaceType': 1, 'ServiceStatus': 1, 'SpotStatus': 255, 'DeviceStatus': 1, 'Floor': '1', 'ChargeStatus': 1, 'DataCollectTime': '2022-04-29T15:10:52+08:00'}, {'ParkingSpotID': 'KEE-025', 'SpaceType': 1, 'ServiceStatus': 1, 'SpotStatus': 255, 'DeviceStatus': 1, 'Floor': '1', 'ChargeStatus': 1, 'DataCollectTime': '2022-04-29T15:10:52+08:00'}, {'ParkingSpotID': 'KEE-026', 'SpaceType': 1, 'ServiceStatus': 1, 'SpotStatus': 255, 'DeviceStatus': 1, 'Floor': '1', 'ChargeStatus': 1, 'DataCollectTime': '2022-04-29T15:10:52+08:00'}, {'ParkingSpotID': 'KEE-027', 'SpaceType': 1, 'ServiceStatus': 1, 'SpotStatus': 255, 'DeviceStatus': 1, 'Floor': '1', 'ChargeStatus': 1, 'DataCollectTime': '2022-04-29T15:10:52+08:00'}, {'ParkingSpotID': 'KEE-028', 'SpaceType': 1, 'ServiceStatus': 1, 'SpotStatus': 255, 'DeviceStatus': 1, 'Floor': '1', 'ChargeStatus': 1, 'DataCollectTime': '2022-04-29T15:10:52+08:00'}, {'ParkingSpotID': 'KEE-029', 'SpaceType': 1, 'ServiceStatus': 1, 'SpotStatus': 255, 'DeviceStatus': 1, 'Floor': '1', 'ChargeStatus': 1, 'DataCollectTime': '2022-04-29T15:10:52+08:00'}, {'ParkingSpotID': 'KEE-030', 'SpaceType': 1, 'ServiceStatus': 1, 'SpotStatus': 255, 'DeviceStatus': 1, 'Floor': '1', 'ChargeStatus': 1, 'DataCollectTime': '2022-04-29T15:10:52+08:00'}, {'ParkingSpotID': 'KEE-031', 'SpaceType': 1, 'ServiceStatus': 1, 'SpotStatus': 255, 'DeviceStatus': 1, 'Floor': '1', 'ChargeStatus': 1, 'DataCollectTime': '2022-04-29T15:10:52+08:00'}, {'ParkingSpotID': 'KEE-032', 'SpaceType': 1, 'ServiceStatus': 1, 'SpotStatus': 255, 'DeviceStatus': 1, 'Floor': '1', 'ChargeStatus': 1, 'DataCollectTime': '2022-04-29T15:10:52+08:00'}, {'ParkingSpotID': 'KEE-033', 'SpaceType': 1, 'ServiceStatus': 1, 'SpotStatus': 255, 'DeviceStatus': 1, 'Floor': '1', 'ChargeStatus': 1, 'DataCollectTime': '2022-04-29T15:10:52+08:00'}]"
KEE12112,南區大客車停車場,"[{'ParkingSpotID': 'KEE12112-001', 'SpaceType': 5, 'ServiceStatus': 1, 'SpotStatus': 1, 'DeviceStatus': 1, 'Floor': '1', 'ChargeStatus': 1, 'Remark': '本區有41車位', 'DataCollectTime': '2022-06-09T17:29:08+08:00'}]"
KEE12113,基隆和一停車場,"[{'ParkingSpotID': '無', 'SpaceType': 1, 'ServiceStatus': 1, 'SpotStatus': 1, 'DeviceStatus': 1, 'Floor': '平面', 'ChargeStatus': 1, 'DataCollectTime': '2023-11-19T20:40:00+08:00'}]"
KEE12114,八斗子觀光漁港停車場,"[{'ParkingSpotID': 'KEE12114', 'SpaceType': 1, 'ServiceStatus': 1, 'SpotStatus': 255, 'DeviceStatus': 1, 'Floor': '1', 'ChargeStatus': 1, 'DataCollectTime': '2023-11-17T04:32:54+08:00'}]"
KEE12115,八斗子漁港C區停車場,"[{'ParkingSpotID': 'KEE12115', 'SpaceType': 1, 'ServiceStatus': 1, 'SpotStatus': 255, 'DeviceStatus': 1, 'Floor': '1', 'ChargeStatus': 1, 'DataCollectTime': '2022-05-31T11:28:04+08:00'}]"
KEE12117,基隆社寮橋停車場,"[{'ParkingSpotID': '1-50', 'SpaceType': 1, 'ServiceStatus': 1, 'SpotStatus': 1, 'DeviceStatus': 1, 'Floor': '1', 'ChargeStatus': 1, 'DataCollectTime': '2023-11-19T20:40:00+08:00'}]"
KEE12202,基隆信義停車場,"[{'ParkingSpotID': '001', 'SpaceType': 0, 'ServiceStatus': 1, 'SpotStatus': 1, 'DeviceStatus': 1, 'Floor': '1', 'ChargeStatus': 1, 'DataCollectTime': '2023-11-19T20:39:37+08:00'}]"
KEE12203,基隆六合停車場,"[{'ParkingSpotID': '109002-001', 'SpaceType': 1, 'ServiceStatus': 1, 'SpotStatus': 1, 'DeviceStatus': 1, 'Floor': '1', 'ChargeStatus': 1, 'DataCollectTime': '2022-01-13T09:57:46+08:00'}, {'ParkingSpotID': '109002-002', 'SpaceType': 1, 'ServiceStatus': 1, 'SpotStatus': 1, 'DeviceStatus': 1, 'Floor': '1', 'ChargeStatus': 1, 'DataCollectTime': '2022-01-13T09:57:46+08:00'}]"
KEE12306,仁愛獅球停車場,"[{'ParkingSpotID': '136', 'SpaceType': 0, 'ServiceStatus': 1, 'SpotStatus': 1, 'DeviceStatus': 1, 'Floor': '1', 'ChargeStatus': 1, 'DataCollectTime': '2023-11-19T20:40:00+08:00'}]"
KEE12401,基隆市中和路168巷停車場,"[{'ParkingSpotID': 'KEE-0000', 'SpaceType': 1, 'ServiceStatus': 1, 'SpotStatus': 2, 'DeviceStatus': 1, 'Floor': '1', 'ChargeStatus': 1, 'Remark': '剩餘車格:17(戶外停車場無在席設備,無法得知車格狀態)', 'DataCollectTime': '2023-11-19T20:39:01+08:00'}]"
KEE12501,鶯歌石溪停車場,"[{'ParkingSpotID': 'KEE-0000', 'SpaceType': 1, 'ServiceStatus': 1, 'SpotStatus': 2, 'DeviceStatus': 1, 'Floor': '1', 'ChargeStatus': 1, 'Remark': '剩餘車格:9(戶外停車場無在席設備,無法得知車格狀態)', 'DataCollectTime': '2023-11-19T20:35:54+08:00'}]"
KEE12502,基隆安和停車場,"[{'ParkingSpotID': 'KEE-001', 'SpaceType': 1, 'ServiceStatus': 1, 'SpotStatus': 255, 'DeviceStatus': 1, 'Floor': '1', 'ChargeStatus': 1, 'DataCollectTime': '2022-04-29T14:32:41+08:00'}, {'ParkingSpotID': 'KEE-002', 'SpaceType': 1, 'ServiceStatus': 1, 'SpotStatus': 255, 'DeviceStatus': 1, 'Floor': '1', 'ChargeStatus': 1, 'DataCollectTime': '2022-04-29T14:32:41+08:00'}, {'ParkingSpotID': 'KEE-003', 'SpaceType': 1, 'ServiceStatus': 1, 'SpotStatus': 255, 'DeviceStatus': 1, 'Floor': '1', 'ChargeStatus': 1, 'DataCollectTime': '2022-04-29T14:32:41+08:00'}, {'ParkingSpotID': 'KEE-004', 'SpaceType': 1, 'ServiceStatus': 1, 'SpotStatus': 255, 'DeviceStatus': 1, 'Floor': '1', 'ChargeStatus': 1, 'DataCollectTime': '2022-04-29T14:32:41+08:00'}, {'ParkingSpotID': 'KEE-005', 'SpaceType': 1, 'ServiceStatus': 1, 'SpotStatus': 255, 'DeviceStatus': 1, 'Floor': '1', 'ChargeStatus': 1, 'DataCollectTime': '2022-04-29T14:32:41+08:00'}, {'ParkingSpotID': 'KEE-006', 'SpaceType': 1, 'ServiceStatus': 1, 'SpotStatus': 255, 'DeviceStatus': 1, 'Floor': '1', 'ChargeStatus': 1, 'DataCollectTime': '2022-04-29T14:32:41+08:00'}, {'ParkingSpotID': 'KEE-007', 'SpaceType': 1, 'ServiceStatus': 1, 'SpotStatus': 255, 'DeviceStatus': 1, 'Floor': '1', 'ChargeStatus': 1, 'DataCollectTime': '2022-04-29T14:32:41+08:00'}, {'ParkingSpotID': 'KEE-008', 'SpaceType': 1, 'ServiceStatus': 1, 'SpotStatus': 255, 'DeviceStatus': 1, 'Floor': '1', 'ChargeStatus': 1, 'DataCollectTime': '2022-04-29T14:32:41+08:00'}, {'ParkingSpotID': 'KEE-009', 'SpaceType': 1, 'ServiceStatus': 1, 'SpotStatus': 255, 'DeviceStatus': 1, 'Floor': '1', 'ChargeStatus': 1, 'DataCollectTime': '2022-04-29T14:32:41+08:00'}, {'ParkingSpotID': 'KEE-010', 'SpaceType': 1, 'ServiceStatus': 1, 'SpotStatus': 255, 'DeviceStatus': 1, 'Floor': '1', 'ChargeStatus': 1, 'DataCollectTime': '2022-04-29T14:32:41+08:00'}, {'ParkingSpotID': 'KEE-011', 'SpaceType': 1, 'ServiceStatus': 1, 'SpotStatus': 255, 'DeviceStatus': 1, 'Floor': '1', 'ChargeStatus': 1, 'DataCollectTime': '2022-04-29T14:32:41+08:00'}, {'ParkingSpotID': 'KEE-012', 'SpaceType': 1, 'ServiceStatus': 1, 'SpotStatus': 255, 'DeviceStatus': 1, 'Floor': '1', 'ChargeStatus': 1, 'DataCollectTime': '2022-04-29T14:32:41+08:00'}, {'ParkingSpotID': 'KEE-013', 'SpaceType': 1, 'ServiceStatus': 1, 'SpotStatus': 255, 'DeviceStatus': 1, 'Floor': '1', 'ChargeStatus': 1, 'DataCollectTime': '2022-04-29T14:32:41+08:00'}, {'ParkingSpotID': 'KEE-014', 'SpaceType': 1, 'ServiceStatus': 1, 'SpotStatus': 255, 'DeviceStatus': 1, 'Floor': '1', 'ChargeStatus': 1, 'DataCollectTime': '2022-04-29T14:32:41+08:00'}, {'ParkingSpotID': 'KEE-015', 'SpaceType': 1, 'ServiceStatus': 1, 'SpotStatus': 255, 'DeviceStatus': 1, 'Floor': '1', 'ChargeStatus': 1, 'DataCollectTime': '2022-04-29T14:32:41+08:00'}, {'ParkingSpotID': 'KEE-016', 'SpaceType': 1, 'ServiceStatus': 1, 'SpotStatus': 255, 'DeviceStatus': 1, 'Floor': '1', 'ChargeStatus': 1, 'DataCollectTime': '2022-04-29T14:32:41+08:00'}, {'ParkingSpotID': 'KEE-017', 'SpaceType': 1, 'ServiceStatus': 1, 'SpotStatus': 255, 'DeviceStatus': 1, 'Floor': '1', 'ChargeStatus': 1, 'DataCollectTime': '2022-04-29T14:32:41+08:00'}, {'ParkingSpotID': 'KEE-018', 'SpaceType': 1, 'ServiceStatus': 1, 'SpotStatus': 255, 'DeviceStatus': 1, 'Floor': '1', 'ChargeStatus': 1, 'DataCollectTime': '2022-04-29T14:32:41+08:00'}, {'ParkingSpotID': 'KEE-019', 'SpaceType': 1, 'ServiceStatus': 1, 'SpotStatus': 255, 'DeviceStatus': 1, 'Floor': '1', 'ChargeStatus': 1, 'DataCollectTime': '2022-04-29T14:32:41+08:00'}, {'ParkingSpotID': 'KEE-020', 'SpaceType': 1, 'ServiceStatus': 1, 'SpotStatus': 255, 'DeviceStatus': 1, 'Floor': '1', 'ChargeStatus': 1, 'DataCollectTime': '2022-04-29T14:32:41+08:00'}, {'ParkingSpotID': 'KEE-021', 'SpaceType': 1, 'ServiceStatus': 1, 'SpotStatus': 255, 'DeviceStatus': 1, 'Floor': '1', 'ChargeStatus': 1, 'DataCollectTime': '2022-04-29T14:32:41+08:00'}, {'ParkingSpotID': 'KEE-022', 'SpaceType': 1, 'ServiceStatus': 1, 'SpotStatus': 255, 'DeviceStatus': 1, 'Floor': '1', 'ChargeStatus': 1, 'DataCollectTime': '2022-04-29T14:32:41+08:00'}, {'ParkingSpotID': 'KEE-023', 'SpaceType': 1, 'ServiceStatus': 1, 'SpotStatus': 255, 'DeviceStatus': 1, 'Floor': '1', 'ChargeStatus': 1, 'DataCollectTime': '2022-04-29T14:32:41+08:00'}, {'ParkingSpotID': 'KEE-024', 'SpaceType': 1, 'ServiceStatus': 1, 'SpotStatus': 255, 'DeviceStatus': 1, 'Floor': '1', 'ChargeStatus': 1, 'DataCollectTime': '2022-04-29T14:32:41+08:00'}, {'ParkingSpotID': 'KEE-025', 'SpaceType': 1, 'ServiceStatus': 1, 'SpotStatus': 255, 'DeviceStatus': 1, 'Floor': '1', 'ChargeStatus': 1, 'DataCollectTime': '2022-04-29T14:32:41+08:00'}, {'ParkingSpotID': 'KEE-026', 'SpaceType': 1, 'ServiceStatus': 1, 'SpotStatus': 255, 'DeviceStatus': 1, 'Floor': '1', 'ChargeStatus': 1, 'DataCollectTime': '2022-04-29T14:32:41+08:00'}, {'ParkingSpotID': 'KEE-027', 'SpaceType': 1, 'ServiceStatus': 1, 'SpotStatus': 255, 'DeviceStatus': 1, 'Floor': '1', 'ChargeStatus': 1, 'DataCollectTime': '2022-04-29T14:32:41+08:00'}, {'ParkingSpotID': 'KEE-028', 'SpaceType': 1, 'ServiceStatus': 1, 'SpotStatus': 255, 'DeviceStatus': 1, 'Floor': '1', 'ChargeStatus': 1, 'DataCollectTime': '2022-04-29T14:32:41+08:00'}, {'ParkingSpotID': 'KEE-029', 'SpaceType': 1, 'ServiceStatus': 1, 'SpotStatus': 255, 'DeviceStatus': 1, 'Floor': '1', 'ChargeStatus': 1, 'DataCollectTime': '2022-04-29T14:32:41+08:00'}, {'ParkingSpotID': 'KEE-030', 'SpaceType': 1, 'ServiceStatus': 1, 'SpotStatus': 255, 'DeviceStatus': 1, 'Floor': '1', 'ChargeStatus': 1, 'DataCollectTime': '2022-04-29T14:32:41+08:00'}, {'ParkingSpotID': 'KEE-031', 'SpaceType': 1, 'ServiceStatus': 1, 'SpotStatus': 255, 'DeviceStatus': 1, 'Floor': '1', 'ChargeStatus': 1, 'DataCollectTime': '2022-04-29T14:32:41+08:00'}, {'ParkingSpotID': 'KEE-032', 'SpaceType': 1, 'ServiceStatus': 1, 'SpotStatus': 255, 'DeviceStatus': 1, 'Floor': '1', 'ChargeStatus': 1, 'DataCollectTime': '2022-04-29T14:32:41+08:00'}, {'ParkingSpotID': 'KEE-033', 'SpaceType': 1, 'ServiceStatus': 1, 'SpotStatus': 255, 'DeviceStatus': 1, 'Floor': '1', 'ChargeStatus': 1, 'DataCollectTime': '2022-04-29T14:32:41+08:00'}, {'ParkingSpotID': 'KEE-034', 'SpaceType': 1, 'ServiceStatus': 1, 'SpotStatus': 255, 'DeviceStatus': 1, 'Floor': '1', 'ChargeStatus': 1, 'DataCollectTime': '2022-04-29T14:32:41+08:00'}, {'ParkingSpotID': 'KEE-035', 'SpaceType': 1, 'ServiceStatus': 1, 'SpotStatus': 255, 'DeviceStatus': 1, 'Floor': '1', 'ChargeStatus': 1, 'DataCollectTime': '2022-04-29T14:32:41+08:00'}, {'ParkingSpotID': 'KEE-036', 'SpaceType': 1, 'ServiceStatus': 1, 'SpotStatus': 255, 'DeviceStatus': 1, 'Floor': '1', 'ChargeStatus': 1, 'DataCollectTime': '2022-04-29T14:32:41+08:00'}, {'ParkingSpotID': 'KEE-037', 'SpaceType': 1, 'ServiceStatus': 1, 'SpotStatus': 255, 'DeviceStatus': 1, 'Floor': '1', 'ChargeStatus': 1, 'DataCollectTime': '2022-04-29T14:32:41+08:00'}, {'ParkingSpotID': 'KEE-038', 'SpaceType': 1, 'ServiceStatus': 1, 'SpotStatus': 255, 'DeviceStatus': 1, 'Floor': '1', 'ChargeStatus': 1, 'DataCollectTime': '2022-04-29T14:32:41+08:00'}, {'ParkingSpotID': 'KEE-039', 'SpaceType': 1, 'ServiceStatus': 1, 'SpotStatus': 255, 'DeviceStatus': 1, 'Floor': '1', 'ChargeStatus': 1, 'DataCollectTime': '2022-04-29T14:32:41+08:00'}, {'ParkingSpotID': 'KEE-040', 'SpaceType': 1, 'ServiceStatus': 1, 'SpotStatus': 255, 'DeviceStatus': 1, 'Floor': '1', 'ChargeStatus': 1, 'DataCollectTime': '2022-04-29T14:32:41+08:00'}, {'ParkingSpotID': 'KEE-041', 'SpaceType': 1, 'ServiceStatus': 1, 'SpotStatus': 255, 'DeviceStatus': 1, 'Floor': '1', 'ChargeStatus': 1, 'DataCollectTime': '2022-04-29T14:32:41+08:00'}, {'ParkingSpotID': 'KEE-042', 'SpaceType': 1, 'ServiceStatus': 1, 'SpotStatus': 255, 'DeviceStatus': 1, 'Floor': '1', 'ChargeStatus': 1, 'DataCollectTime': '2022-04-29T14:32:41+08:00'}, {'ParkingSpotID': 'KEE-043', 'SpaceType': 1, 'ServiceStatus': 1, 'SpotStatus': 255, 'DeviceStatus': 1, 'Floor': '1', 'ChargeStatus': 1, 'DataCollectTime': '2022-04-29T14:32:41+08:00'}, {'ParkingSpotID': 'KEE-044', 'SpaceType': 1, 'ServiceStatus': 1, 'SpotStatus': 255, 'DeviceStatus': 1, 'Floor': '1', 'ChargeStatus': 1, 'DataCollectTime': '2022-04-29T14:32:41+08:00'}]"
KEE12503,麥金停車場,"[{'ParkingSpotID': '001', 'SpaceType': 0, 'ServiceStatus': 1, 'SpotStatus': 1, 'DeviceStatus': 1, 'Floor': '1', 'ChargeStatus': 1, 'DataCollectTime': '2023-01-15T10:26:42+00:00'}]"
KEE12601,源遠路停車場,"[{'ParkingSpotID': '001', 'SpaceType': 0, 'ServiceStatus': 1, 'SpotStatus': 1, 'DeviceStatus': 1, 'Floor': '1', 'ChargeStatus': 1, 'DataCollectTime': '2023-11-19T20:39:26+00:00'}]"
KEE12602,源遠路第二停車場,"[{'ParkingSpotID': '001', 'SpaceType': 0, 'ServiceStatus': 1, 'SpotStatus': 1, 'DeviceStatus': 1, 'Floor': '1', 'ChargeStatus': 1, 'DataCollectTime': '2023-11-19T20:39:24+00:00'}]"
KEE12704,崇孝街停車場,"[{'ParkingSpotID': '001', 'SpaceType': 0, 'ServiceStatus': 1, 'SpotStatus': 1, 'DeviceStatus': 1, 'Floor': '1', 'ChargeStatus': 1, 'DataCollectTime': '2023-11-19T20:37:54+08:00'}]"
KEE12705,光明停一停車場,"[{'ParkingSpotID': 'KEE-0000', 'SpaceType': 1, 'ServiceStatus': 1, 'SpotStatus': 2, 'DeviceStatus': 1, 'Floor': '1', 'ChargeStatus': 1, 'Remark': '剩餘車格:6(戶外停車場無在席設備,無法得知車格狀態)', 'DataCollectTime': '2023-11-19T20:37:18+08:00'}]"
KEE12706,光明停二停車場,"[{'ParkingSpotID': 'KEE-0000', 'SpaceType': 1, 'ServiceStatus': 1, 'SpotStatus': 2, 'DeviceStatus': 1, 'Floor': '1', 'ChargeStatus': 1, 'Remark': '剩餘車格:36(戶外停車場無在席設備,無法得知車格狀態)', 'DataCollectTime': '2023-11-19T20:35:50+08:00'}]"
KEE12707,福六街停車場,"[{'ParkingSpotID': 'KEE-0000', 'SpaceType': 1, 'ServiceStatus': 1, 'SpotStatus': 2, 'DeviceStatus': 1, 'Floor': '1', 'ChargeStatus': 1, 'Remark': '剩餘車格:9(戶外停車場無在席設備,無法得知車格狀態)', 'DataCollectTime': '2023-11-19T20:37:57+08:00'}]"
KEE21201,基隆皇冠停車場,"[{'ParkingSpotID': '001', 'SpaceType': 0, 'ServiceStatus': 1, 'SpotStatus': 1, 'DeviceStatus': 1, 'Floor': '1', 'ChargeStatus': 1, 'DataCollectTime': '2023-11-19T20:40:08+08:00'}]"
KEE22112,基隆八尺門停車場,"[{'ParkingSpotID': '無', 'SpaceType': 1, 'ServiceStatus': 1, 'SpotStatus': 1, 'DeviceStatus': 1, 'Floor': '平面', 'ChargeStatus': 1, 'DataCollectTime': '2023-07-31T10:49:30+08:00'}]"
KEE22409,基隆青鳥停車場,"[{'ParkingSpotID': '1', 'SpaceType': 1, 'ServiceStatus': 1, 'SpotStatus': 1, 'DeviceStatus': 1, 'Floor': '1', 'ChargeStatus': 1, 'DataCollectTime': '2023-11-19T20:40:00+08:00'}]"
KEE22410,基隆新橫濱停車場,"[{'ParkingSpotID': '1-166', 'SpaceType': 1, 'ServiceStatus': 1, 'SpotStatus': 1, 'DeviceStatus': 1, 'Floor': '1', 'ChargeStatus': 1, 'DataCollectTime': '2023-11-19T20:40:00+08:00'}]"
KEE22411,東三四平面停車場,"[{'ParkingSpotID': '001', 'SpaceType': 0, 'ServiceStatus': 1, 'SpotStatus': 1, 'DeviceStatus': 1, 'Floor': '1', 'ChargeStatus': 1, 'DataCollectTime': '2023-11-19T20:39:37+08:00'}]"
